slowo;adres
wp;https://www.wp.pl
WP;https://www.wp.pl
wp consults;https://www.wp.pl
enea;https://www.wp.pl
t-mobile;https://www.tmobile.pl
tmobile;https://www.tmobile.pl
wp;wp
cos wp;https://www.wp.pl
wp;https://www.wp-made.pl
wp;https://www.made-wp.pl
wp;wpmade.pl
wp;madewp.pl
wp;madewp.com.pl
"SP”£DZIELNIA HANDLOWO-PRODUKCYJNA ""AGRO"" W DYWITACH                     ";https://www.agro.internetdsl.pl
"SP”£DZIELNIA ROLNIK”W INDYWIDUALNYCH ""ROLNIK""                           ";https://www.srirolnik.com.pl
"GMINNA SP”£DZIELNIA ""SAMOPOMOC CH£OPSKA"" W JAROCINIE                    ";https://www.gsjarocin.pl
"GMINNA SP”£DZIELNIA ""SAMOPOMOC CH£OPSKA"" W PAS£ KU                      ";https://www.infobiuro.pl
"GMINNA SP”£DZIELNIA ""SAMOPOMOC CH£OPSKA"" W KAMIENIU                     ";https://www.gskamien.pl
"GMINNA SP”£DZIELNIA ""SAMOPOMOC CH£OPSKA""                                ";https://www.selcom.pl
SP”£DZIELNIA MIESZKANIOWA W PRZYSUSZE                                   ;https://www.smprzysucha.pl
"""SPO£EM"" POWSZECHNA SP”£DZIELNIA SPOØYWC”W W PUCKU                      ";https://www.spolempuck.pl
SPO£EM POWSZECHNA SP”£DZIELNIA SPOØYWC”W ZGODA W KRAKOWIE               ;https://www.psszgoda.pl
"""EXPO"" SP”£KA Z OGRANICZON• ODPOWIEDZIALNOåCI•                          ";https://www.expo.bielsko.pl
"""BOMN CAST 2000"" SP”£KA Z OGRANICZON• ODPOWIEDZIALNOåCI•                ";https://www.crowncenter.pl
MARLIN LOGISTYKA SP”£KA JAWNA MA£ECCY                                   ;https://www.amrlin.com.pl
"""BETMEL"" ZA-D PREFABR.BETON”W SP.Z O.O., £•KA                           ";https://www.betmel.pl
"PRZEDSI BIORSTWO PRODUKCYJNO - HANDLOWE ""REVMOD"" SP”£KA Z OGRANICZON• OD";https://www.revmod.com.pl
"""SPO£EM"" POWSZECHNA SP”£DZIELNIA SPOØYWC”W W NOWEJ SOLI                 ";https://www.pssnowasol.pl
BLACHARSTWO I LAKIERNICTWO POJAZDOWE EDWARD CZOSNOWSKI                  ;https://www.glossa.biz.pl
POLPENTEL SP”£KA Z OGRANICZON• ODPOWIEDZIALNOåCI•                       ;https://www.pentel.pl
ZAK£AD åLUSARSKO - MECHANICZNY ANDRZEJ SMELCZY—SKI                      ;https://www.smelczynski.pl
"""EUROPLANT"" SP”£KA Z OGRANICZON• ODPOWIEDZIALNOåCI•                     ";https://www.e-europlant.pl
AUTOTANK ANDRZEJ GOTWALD 97-400 BE£CHAT”W ALEJA W£”KNIARZY 1 TEL. 044/63;https://www.autotank.pl
"PRZEDSI BIORSTWO HANDLOWO- US£UGOWE ""KORTALS"" DARIUSZ KORTALS           ";https://www.taxanto.pl
"""AIMEX"" SP”£KA Z OGRANICZON• ODPOWIEDZIALNOåCI•                         ";https://www.aimex.sklep.pl
"""WIMAR-CH£ODNIA"" SP”£KA Z OGRANICZON• ODPOWIEDZIALNOåCI•                ";https://www.wimarchlodnia.pl
"""BOWA POLSKA"" SP”£KA Z OGRANICZON• ODPOWIEDZIALNOåCI•                   ";https://www.bowa.pl/
"Oficyna Wydawnicza ""PRESS - MEDIA"" Roman Oraczewski                     ";https://www.pressmedia.com.pl
"PRZEDSI BIORSTWO PRODUKCYJNO HANDLOWO US£UGOWE ""TOPAZ"" JAROS£AW NIEDZIEL";https://www.miedzyrzeczpokoje.pl
TAX PFK SP”£KA Z OGRANICZON• ODPOWIEDZIALNOåCI• SP”£KA KOMANDYTOWA      ;https://www.tax-symotiuk.pl
"PRZEDSI BIORSTWO PRODUKCYJNO US£UGOWO HANDLOWE ""RASEL"" - T.I B. LEWANDOW";https://www.rasel.com.pl
"PPU""LABARTO""SP. Z O.O.,åREM                                             ";https://www.lebarto.pl
ANDRZEJ PAWLAK WYTWARZANIE WYROB”W Z TWORZYW SZTUCZNYCH                 ;https://www.wwts.com.pl
"""LIGHTNET SP”£KA Z OGRANICZON• ODPOWIEDZIALNOåCI•""                      ";https://www.lightnet.pl
PRACOWNICZA SP”£DZIELNIA HANDLOWO-US£UGOWA W KOZIENICACH                ;https://www.kozienice.net
"""MINOS"" JAN MACIEJCZYK SP”£KA JAWNA                                     ";https://www.minos.radom.pl
"PRZEDSI BIORSTWO WIELOBRANØOWE ""WITEX"" W£ADYS£AW GRZESZCZUK             ";https://www.brokelmann.pl
"""CALLIDA"" SP”£KA Z OGRANICZON• ODPOWIEDZIALNOåCI•                       ";https://www.callida.pl/
Drynkowski Marek, IZMAR APTEKA                                          ;https://www.nzozmedicor.pl
"ZAK£ADY PROD.-HAN. ""PRODET"" SP. O.O.                                    ";https://www.prodet.com.pl
"ZDZIS£AW HASIAK ZAK£AD PRODUKCYJNO-US£UGOWO-HANDLOWY ""BUDOMONTAØ""       ";https://www.autoserwis.hasiak.com.pl
Amex International Barbara Kowalczyk                                    ;https://www.lowellfoods.com
Centrum Ogrodnicze i Motel Grzegorz Pintal                              ;https://www.gzyl.net.pl
LESZEK KAZUå AUTO LECH                                                  ;https://www.autolech.com
"""TEKNAMOTOR"" SP”£KA Z OGRANICZON• ODPOWIEDZIALNOåCI•                    ";https://www.teknamotor.pl
S‹DPACK K£OBUCK SP”£KA Z OGRANICZON• ODPOWIEDZIALNOåCI•                 ;https://www.suedpack.com
PRZEDSI BIORSTWO INØYNIERYJNO- INSTALACYJNO-SPRZ TOWE GRZEGORZ ROZWARSKI;https://www.akcess.net.pl
PPUH Plast-Bet  Jan Maciejowski                                         ;https://www.plasbet.pl
AGENA SP”£KA Z OGRANICZON• ODPOWIEDZIALNOåCI•                           ;https://www.agena.poznan.pl
"SP”£DZIELNIA MLECZARSKA ""ROSPUDA"" W FILIPOWIE                           ";https://www.smrospuda.pl
"""JASTIM"" SP”£KA Z OGRANICZON• ODPOWIEDZIALNOåCI•                        ";https://www.jastim.pl
BIMIZ PRODUKT SP”£KA Z OGRANICZON• ODPOWIEDZIALNOåCI•                   ;https://www.bimiz.com
Zak≥ad Handlowo - Us≥ugowy JÛzef Skrzypa                                ;https://www.wwwskrzypa.pl
"""CARRIER MANUFACTURING POLAND"" SP”£KA Z OGRANICZON• ODPOWIEDZIALNOåCI•  ";https://www.carrier.com
"DOM HANDOWY ""PANDA"" G”èDè WOJTCZAK SP”£KA JAWNA                         ";https://www.panda-rtv.pl
"""AT&T GLOBAL NETWORK SERVICES POLSKA"" SP. Z O.O.                        ";https://www.corp.att.com
CENTRUM ZAOPATRZENIA ENERGETYKI ELTAST SP”£KA Z OGRANICZON• ODPOWIEDZIAL;https://www.eltast.pl
HANDWIT S. DZIENISZEWSKI, Z. WITKOWSKI SP”£KA JAWNA                     ;https://www.handwit.pl
"""IZAN +"" SP”£KA Z OGRANICZON• ODPOWIEDZIALNOåCI•                        ";https://www.rekeep.pl
BIC POLSKA SP”£KA Z OGRANICZON• ODPOWIEDZIALNOåCI•                      ;https://www.bicworld.com
OZAS-ESAB SP”£KA Z OGRANICZON• ODPOWIEDZIALNOåCI•                       ;https://www.esab.pl
HBO POLSKA SP”£KA Z OGRANICZON• ODPOWIEDZIALNOåCI•                      ;https://www.warnermedia.com
HAVI LOGISTICS SP”£KA Z OGRANICZON• ODPOWIEDZIALNOåCI•                  ;https://www.havi-logistics.com/pl/content/idex.asp
FRUBELLA PROCESSING SP”£KA Z OGRANICZON• ODPOWIEDZIALNOåCI•             ;https://www.frubella.com
"""CERAMIKA TUB•DZIN"" SP”£KA Z OGRANICZON• ODPOWIEDZIALNOåCI•             ";https://www.tubadzin.pl
"PRZEDSI BIORSTWO US£UGOWO-HANDLOWE ""AZART"" DOMINIK DAWIDA, PAWE£ TROJANO";https://www.azart.rzeszow.pl
MEKOPRINT CABLES SP”£KA Z OGRANICZON• ODPOWIEDZIALNOåCI•                ;https://www.mekoprint.com
"""LEGO POLSKA "" SP”£KA Z OGRANICZON• ODPOWIEDZIALNOåCI•                  ";https://www.lego.com
HIVENTY POLAND SP”£KA Z OGRANICZON• ODPOWIEDZIALNOåCI•                  ;https://www.start.it.pl
OBRAM SP”£KA Z OGRANICZON• ODPOWIEDZIALNOåCI•                           ;https://www.obram.pl
"PIOTR BA—KOWSKI ""GEPARD"" - Warszawskie Centrum Kaletnicze               ";https://www.gepard.pl
AVON DISTRIBUTION POLSKA SP”£KA Z OGRANICZON• ODPOWIEDZIALNOåCI•        ;https://www.avon.com
MOLEX CES EE SP”£KA Z OGRANICZON• ODPOWIEDZIALNOåCI•                    ;https://www.molex.com
GARDA RAINWEAR OF POLAND SP”£KA Z OGRANICZON• ODPOWIEDZIALNOåCI•        ;https://www.gardaofpoland.com.pl
TECHNICOLOR POLSKA SP”£KA Z OGRANICZON• ODPOWIEDZIALNOåCI•              ;https://www.technicolor.com
NP PIASECZNO SP”£KA Z OGRANICZON• ODPOWIEDZIALNOåCI•                    ;https://www.np-plastibell.com
"""LIONBRIDGE POLAND"" SP”£KA Z OGRANICZON• ODPOWIEDZIALNOåCI•             ";https://www.lionbridge.com/
"""UNIVERSAL LEAF TOBACCO POLAND SP”£KA Z OGRANICZON• ODPOWIEDZIALNOåCI•"" ";https://www.universalleaf.pl
PPHU PLASTIMET-PANORAMA SP”£KA Z OGRANICZON• ODPOWIEDZIALNOåCI•         ;https://www.plastimet-panorama.pl
"""STER-GAZ"" ANDRZEJ I KRZYSZTOF SZCZEPANIAK SP”£KA JAWNA                 ";https://www.stergaz.com.pl
"""DAWIS"" SP”£KA Z OGRANICZON• ODPOWIEDZIALNOåCI•                         ";https://www.dawis.pl
FIDELTRONIK ZBIGNIEW FIDELUS                                            ;https://www.fideltronik.com
NB POLSKA SP”£KA Z OGRANICZON• ODPOWIEDZIALNOåCI•                       ;https://www.velux.com
"""SANTIAGO"" SP”£KA Z OGRANICZON• ODPOWIEDZIALNOåCI•                      ";https://www.itaka.pl
BKP SP”£KA Z OGRANICZON• ODPOWIEDZIALNOåCI•                             ;https://www.cms-cmno.com
cukiernia halina kryú                                                   ;https://www.cukierniakrys.pl
IDEMIA POLAND SP”£KA Z OGRANICZON• ODPOWIEDZIALNOåCI•                   ;https://www.idemia.com
ZAK£AD GOSPODARKI POPIO£AMI SP”£KA Z OGRANICZON• ODPOWIEDZIALNOåCI•     ;https://www.lafarge.com
"""MI.STA"" SP”£KA Z OGRANICZON• ODPOWIEDZIALNOåCI•                        ";https://www.argentum.pl
INTER-DIAMENT-BIS KACPRZYCKI SP”£KA JAWNA                               ;https://www.inter-diament.com.pl
FRISOMAT SP”£KA Z OGRANICZON• ODPOWIEDZIALNOåCI•                        ;https://www.frisomat.pl
"""HINES POLSKA"" SP”£KA Z OGRANICZON• ODPOWIEDZIALNOåCI•                  ";https://www.ecovis.pl
EMSUR POLSKA SP”£KA Z OGRANICZON• ODPOWIEDZIALNOåCI•                    ;https://www.emsur.com
AUTO EXPRESS SP”£KA Z OGRANICZON• ODPOWIEDZIALNOåCI•                    ;https://www.autoexpress.waw.pl
"Steckiewicz Micha≥ ""ZIKOPLAST""                                          ";https://www.selkam.pl
FIS TECHNOLOGY SERVICES (POLAND) SP”£KA Z OGRANICZON• ODPOWIEDZIALNOåCI•;https://www.fisglobal.com
"""CASPOL FORWARDING"" SP”£KA Z OGRANICZON• ODPOWIEDZIALNOåCI•             ";https://www.jasfbg.pl
AGNES WO£K-ARGASI—SKA, ARGASI—SKI, WO£K-KARACZEWSKI SP”£KA JAWNA        ;https://www.agnes.waw.pl
"""KAMILEX"" STANIS£AW £YSIK                                               ";https://www.hutaszklawiazowna.pl
PROCTER AND GAMBLE DS POLSKA SP”£KA Z OGRANICZON• ODPOWIEDZIALNOåCI•    ;https://www.pg.com.pl
"""BRAND"" SP”£KA Z OGRANICZON• ODPOWIEDZIALNOåCI•                         ";https://www.astaxes.pl
PROLOGIS POLAND MANAGEMENT SP”£KA Z OGRANICZON• ODPOWIEDZIALNOåCI•      ;https://www.prologis.com
